entrega_id,venta_id,fecha_entrega,estado_entrega,tiempo_entrega_dias,zona
1,1,2025-06-16,cancelado,6,oriente
2,2,2026-09-06,entregado,3,centro
3,3,2025-09-13,tardío,2,occidente
4,4,2025-01-15,entregado,3,centro
5,5,2025-02-14,entregado,3,centro
6,6,2026-02-02,entregado,3,norte
7,7,2026-03-23,entregado,2,occidente
8,8,2025-11-06,entregado,7,occidente
9,9,2026-02-27,tardío,5,oriente
10,10,2025-11-30,tardío,5,oriente
11,11,2026-01-30,entregado,2,centro
12,12,2026-03-31,entregado,2,sur
13,13,2025-05-20,tardío,8,centro
14,14,2026-03-04,entregado,3,norte
15,15,2025-12-13,entregado,2,centro
16,16,2026-05-04,entregado,1,norte
17,17,2026-05-05,entregado,2,centro
18,18,2025-11-03,entregado,4,oriente
19,19,2025-11-16,tardío,5,centro
20,20,2025-12-21,entregado,2,oriente
21,21,2025-11-02,cancelado,5,sur
22,22,2026-02-27,entregado,1,sur
23,23,2025-07-15,entregado,9,occidente
24,24,2025-12-21,entregado,2,centro
25,25,2026-02-28,tardío,3,occidente
26,26,2026-03-26,entregado,3,centro
27,27,2026-05-02,entregado,1,sur
28,28,2026-10-04,entregado,3,norte
29,29,2025-11-22,entregado,2,occidente
30,30,2025-10-24,entregado,4,occidente
31,31,2026-01-05,tardío,2,sur
32,32,2026-03-28,entregado,2,sur
33,33,2026-10-06,entregado,3,norte
34,34,2025-02-17,entregado,5,occidente
35,35,2025-11-01,cancelado,5,sur
36,36,2026-03-31,entregado,3,sur
37,37,2025-12-19,entregado,2,norte
38,38,2026-03-29,entregado,4,norte
39,39,2026-03-04,entregado,1,oriente
40,40,2025-11-02,entregado,2,centro
41,41,2026-02-26,entregado,4,oriente
42,42,2025-11-11,entregado,1,norte
43,43,2025-12-30,entregado,2,sur
44,44,2026-02-17,entregado,3,norte
45,45,2026-01-20,entregado,2,occidente
46,46,2026-03-20,tardío,1,sur
47,47,2026-03-04,entregado,3,oriente
48,48,2025-10-23,tardío,5,oriente
49,49,2026-07-06,entregado,4,oriente
50,50,2026-03-19,entregado,20,sur
51,51,2026-01-01,tardío,5,centro
52,52,2025-04-15,tardío,5,centro
53,53,2026-01-22,tardío,6,centro
54,54,2026-03-06,entregado,9,norte
55,55,2025-10-30,entregado,2,norte
56,56,2026-01-26,tardío,7,occidente
57,57,2026-01-07,tardío,6,sur
58,58,2026-12-08,tardío,5,occidente
59,59,2026-01-29,entregado,3,norte
60,60,2026-04-03,entregado,3,sur
61,61,2025-09-12,entregado,1,oriente
62,62,2026-01-24,entregado,4,sur
63,63,2025-11-18,entregado,3,norte
64,64,2026-11-05,entregado,3,oriente
65,65,2026-03-19,entregado,3,oriente
66,66,2025-09-17,tardío,5,sur
67,67,2026-07-09,tardío,6,centro
68,68,2026-02-19,entregado,4,norte
69,69,2026-01-06,entregado,4,norte
70,70,2026-01-31,entregado,3,centro
71,71,2026-01-21,entregado,1,occidente
72,72,2026-01-05,entregado,2,occidente
73,73,2025-08-16,entregado,4,norte
74,74,2025-12-25,entregado,3,centro
75,75,2025-02-19,cancelado,7,centro
76,76,2025-10-25,entregado,2,oriente
77,77,2025-11-13,tardío,1,occidente
78,78,2026-01-27,entregado,3,occidente
79,79,2025-02-14,entregado,2,oriente
80,80,2026-01-29,entregado,2,sur
81,81,2026-02-26,entregado,3,occidente
82,82,2026-06-04,entregado,1,oriente
83,83,2026-03-22,entregado,1,centro
84,84,2026-06-02,entregado,1,sur
85,85,2025-12-28,entregado,2,norte
86,86,2025-08-14,entregado,4,centro
87,87,2026-04-05,entregado,3,sur
88,88,2025-12-26,entregado,3,oriente
89,89,2025-11-19,entregado,3,centro
90,90,2026-02-03,entregado,1,sur
91,91,2025-11-25,entregado,1,norte
92,92,2026-01-02,entregado,3,centro
93,93,2025-06-18,tardío,6,centro
94,94,2025-12-30,entregado,3,occidente
95,95,2025-11-13,entregado,9,sur
96,96,2026-02-07,tardío,4,sur
97,97,2026-03-30,entregado,1,occidente
98,98,2025-10-17,entregado,5,oriente
99,99,2026-02-26,tardío,6,oriente
100,100,2025-03-13,entregado,3,occidente
101,101,2026-10-03,entregado,1,centro
102,102,2025-11-21,entregado,3,norte
103,103,2025-10-24,entregado,2,oriente
104,104,2025-01-15,entregado,3,norte
105,105,2026-01-15,entregado,2,sur
106,106,2026-03-10,cancelado,8,sur
107,107,2026-02-21,entregado,1,oriente
108,108,2025-01-13,entregado,1,centro
109,109,2026-03-28,entregado,2,sur
110,110,2026-02-04,entregado,5,norte
111,111,2026-03-23,entregado,8,centro
112,112,2026-03-05,entregado,3,oriente
113,113,2026-01-31,entregado,8,sur
114,114,2025-05-15,cancelado,5,oriente
115,115,2025-10-25,entregado,1,centro
116,116,2025-12-20,cancelado,5,centro
117,117,2025-11-28,entregado,2,centro
118,118,2026-12-05,entregado,4,occidente
119,119,2026-03-30,entregado,3,occidente
120,120,2025-02-14,entregado,2,norte
121,121,2025-12-21,entregado,3,centro
122,122,2026-03-22,entregado,3,centro
123,123,2026-02-27,entregado,1,sur
124,124,2026-03-03,entregado,2,norte
125,125,2026-02-04,tardío,5,norte
126,126,2026-02-20,entregado,1,oriente
127,127,2026-02-15,tardío,2,centro
128,128,2026-01-01,entregado,4,sur
129,129,2026-01-19,entregado,2,oriente
130,130,2026-02-19,entregado,1,occidente
131,131,2025-12-25,entregado,1,centro
132,132,2026-01-02,entregado,3,norte
133,133,2026-04-02,entregado,4,centro
134,134,2026-01-28,entregado,3,centro
135,135,2025-09-15,tardío,3,occidente
136,136,2025-12-19,entregado,1,sur
137,137,2025-04-14,entregado,2,sur
138,138,2025-12-01,entregado,2,sur
139,139,2025-11-06,tardío,6,oriente
140,140,2025-11-22,entregado,3,sur
141,141,2025-12-23,entregado,3,oriente
142,142,2025-11-02,entregado,2,occidente
143,143,2026-02-18,entregado,3,centro
144,144,2026-03-31,tardío,5,oriente
145,145,2025-11-18,tardío,1,occidente
146,146,2025-11-22,entregado,3,oriente
147,147,2025-11-26,entregado,1,occidente
148,148,2026-01-05,entregado,3,sur
149,149,2025-10-13,entregado,1,sur
150,150,2026-03-03,entregado,3,occidente
151,9523,2026-12-09,cancelado,7,norte
152,152,2026-02-10,tardío,7,occidente
153,153,2025-12-13,entregado,1,oriente
154,154,2025-10-28,entregado,2,occidente
155,155,2025-11-25,tardío,6,centro
156,156,2025-12-18,tardío,3,norte
157,157,2025-12-01,entregado,3,occidente
158,158,2026-01-04,entregado,3,norte
159,159,2025-11-18,entregado,3,norte
160,160,2025-12-18,tardío,1,occidente
161,161,2025-04-13,entregado,3,occidente
162,162,2026-04-07,tardío,7,sur
163,163,2026-02-16,entregado,2,occidente
164,164,2025-02-13,entregado,2,occidente
165,165,2025-10-14,entregado,2,sur
166,166,2025-12-13,entregado,3,sur
167,167,2025-10-18,entregado,4,centro
168,168,2026-02-26,entregado,7,occidente
169,169,2025-12-16,entregado,2,oriente
170,170,2026-04-01,entregado,4,norte
171,171,2025-02-16,tardío,5,sur
172,172,2026-03-16,entregado,3,occidente
173,173,2026-03-04,entregado,2,oriente
174,174,2025-10-30,entregado,3,norte
175,175,2025-04-11,entregado,1,occidente
176,176,2026-02-27,entregado,3,oriente
177,177,2025-12-16,entregado,4,norte
178,178,2026-02-01,entregado,3,oriente
179,179,2026-02-04,entregado,4,sur
180,180,2026-01-28,cancelado,7,occidente
181,181,2026-01-01,cancelado,5,oriente
182,182,2025-11-20,entregado,3,oriente
183,183,2025-10-18,entregado,4,occidente
184,184,2025-04-18,entregado,9,norte
185,185,2026-02-08,tardío,8,occidente
186,186,2025-11-04,entregado,5,oriente
187,187,2025-10-21,entregado,4,centro
188,188,2026-11-06,cancelado,5,norte
189,189,2026-03-04,entregado,2,oriente
190,190,2025-10-21,tardío,2,centro
191,191,2026-02-28,entregado,3,norte
192,192,2026-11-05,entregado,2,sur
193,193,2026-03-26,entregado,1,occidente
194,194,2025-10-21,cancelado,7,norte
195,195,2025-08-12,tardío,1,norte
196,196,2025-08-15,entregado,4,oriente
197,197,2026-02-23,entregado,1,centro
198,198,2025-12-22,tardío,5,norte
199,199,2025-10-24,entregado,2,occidente
200,200,2025-03-15,entregado,3,norte
201,201,2025-11-04,entregado,4,norte
202,202,2026-02-26,tardío,6,oriente
203,203,2026-01-18,entregado,3,norte
204,204,2026-05-04,tardío,1,centro
205,205,2026-02-06,entregado,3,oriente
206,206,2026-08-10,tardío,7,sur
207,207,2025-12-01,entregado,4,sur
208,208,2026-11-07,tardío,5,oriente
209,209,2026-06-03,entregado,2,centro
210,210,2026-01-25,entregado,1,oriente
211,211,2026-01-24,entregado,2,oriente
212,212,2025-12-17,entregado,1,oriente
213,213,2026-03-05,tardío,5,oriente
214,214,2026-01-21,entregado,3,norte
215,215,2025-12-22,entregado,4,occidente
216,216,2026-02-26,entregado,3,sur
217,217,2026-08-09,tardío,6,centro
218,218,2025-10-21,tardío,5,norte
219,219,2026-06-10,tardío,7,sur
220,220,2025-10-28,entregado,2,occidente
221,221,2025-11-24,entregado,1,oriente
222,222,2026-10-04,entregado,1,occidente
223,223,2025-11-25,entregado,1,sur
224,224,2025-07-15,entregado,3,sur
225,225,2026-03-22,entregado,3,norte
226,226,2025-10-25,entregado,4,norte
227,227,2025-10-14,entregado,3,centro
228,228,2025-01-16,entregado,4,oriente
229,229,2025-11-18,entregado,4,occidente
230,230,2026-02-21,entregado,2,oriente
231,231,2025-10-22,entregado,2,occidente
232,232,2025-10-16,cancelado,5,oriente
233,233,2025-01-14,entregado,4,sur
234,234,2026-01-15,entregado,2,sur
235,235,2026-01-30,tardío,6,oriente
236,236,2026-03-31,tardío,5,centro
237,237,2026-02-08,cancelado,5,sur
238,238,2026-02-01,entregado,3,centro
239,239,2025-12-19,tardío,5,sur
240,240,2025-09-14,entregado,4,norte
241,241,2025-11-30,entregado,1,norte
242,242,2025-12-15,tardío,2,oriente
243,243,2026-04-01,entregado,2,occidente
244,244,2025-12-14,entregado,2,norte
245,245,2026-03-31,entregado,2,sur
246,246,2026-01-28,entregado,3,sur
247,247,2025-10-21,entregado,2,norte
248,248,2026-03-29,entregado,4,norte
249,249,2025-12-02,entregado,3,occidente
250,250,2025-07-14,entregado,2,norte
251,251,2026-10-07,entregado,4,oriente
252,252,2026-03-04,tardío,4,occidente
253,253,2026-03-22,entregado,3,norte
254,254,2025-11-21,entregado,1,sur
255,255,2026-01-19,entregado,2,norte
256,256,2025-11-07,tardío,8,oriente
257,257,2026-02-21,entregado,4,oriente
258,258,2025-11-28,entregado,1,sur
259,259,2026-03-16,entregado,1,occidente
260,260,2025-08-12,entregado,1,sur
261,261,2025-08-13,entregado,1,norte
262,262,2025-06-14,entregado,3,sur
263,263,2025-10-21,entregado,2,occidente
264,264,2025-10-18,entregado,2,centro
265,265,2025-12-13,entregado,2,sur
266,266,2025-12-20,tardío,2,occidente
267,267,2026-02-06,entregado,3,centro
268,268,2026-02-26,entregado,3,occidente
269,269,2025-12-14,entregado,1,occidente
270,270,2026-01-24,entregado,3,centro
271,271,2025-01-16,tardío,5,sur
272,272,2026-01-30,entregado,2,centro
273,273,2026-03-30,entregado,4,sur
274,274,2025-12-21,entregado,4,occidente
275,275,2026-04-03,tardío,5,sur
276,276,2026-12-06,tardío,5,oriente
277,277,2025-09-13,entregado,1,centro
278,278,2026-06-03,entregado,1,centro
279,279,2026-02-19,tardío,3,norte
280,280,2026-04-04,entregado,2,occidente
281,281,2026-01-23,entregado,2,occidente
282,282,2025-10-25,entregado,4,sur
283,283,2026-03-08,cancelado,5,oriente
284,284,2025-11-11,entregado,1,occidente
285,285,2026-01-23,entregado,4,oriente
286,286,2025-12-24,entregado,2,norte
287,287,2026-04-06,entregado,3,centro
288,288,2025-04-17,tardío,5,oriente
289,289,2025-07-11,entregado,1,occidente
290,290,2025-10-29,cancelado,5,centro
291,291,2025-12-02,entregado,4,oriente
292,292,2026-03-29,entregado,7,oriente
293,293,2026-03-02,entregado,5,sur
294,294,2026-03-02,entregado,2,centro
295,295,2025-06-12,entregado,2,oriente
296,296,2026-03-27,cancelado,5,sur
297,297,2025-08-16,entregado,4,occidente
298,298,2026-02-26,entregado,1,oriente
299,299,2025-11-12,entregado,2,sur
300,300,2025-11-17,entregado,3,sur
301,301,2026-02-06,tardío,8,centro
302,302,2026-10-07,tardío,5,sur
303,303,2026-03-17,entregado,1,oriente
304,304,2026-01-26,entregado,4,norte
305,305,2025-11-15,entregado,3,occidente
306,306,2025-11-20,tardío,4,oriente
307,307,2026-02-28,entregado,1,oriente
308,308,2026-01-26,tardío,6,occidente
309,309,2026-12-07,entregado,4,occidente
310,310,2026-03-05,entregado,3,sur
311,311,2025-10-26,entregado,2,oriente
312,312,2026-02-02,entregado,4,sur
313,313,2026-01-02,entregado,4,centro
314,314,2026-01-15,entregado,2,sur
315,315,2025-12-30,tardío,5,centro
316,316,2025-12-24,entregado,2,norte
317,317,2026-03-22,entregado,1,oriente
318,318,2025-11-01,cancelado,5,centro
319,319,2025-11-17,cancelado,6,norte
320,320,2025-12-30,tardío,6,occidente
321,321,2026-01-16,entregado,2,sur
322,322,2026-03-29,entregado,2,norte
323,323,2026-04-04,entregado,2,centro
324,324,2025-12-15,entregado,2,oriente
325,325,2026-03-22,entregado,3,occidente
326,326,2026-11-04,entregado,3,occidente
327,327,2026-02-20,entregado,2,norte
328,328,2025-10-13,entregado,3,norte
329,329,2026-01-29,entregado,4,sur
330,330,2025-10-27,tardío,4,occidente
331,331,2025-12-22,entregado,2,occidente
332,332,2025-04-15,entregado,3,sur
333,333,2025-12-24,entregado,2,oriente
334,334,2025-11-01,entregado,2,sur
335,335,2026-12-02,entregado,1,centro
336,336,2026-09-05,entregado,3,centro
337,337,2025-01-14,entregado,4,norte
338,338,2026-03-20,entregado,2,sur
339,339,2026-02-21,entregado,5,sur
340,340,2026-01-29,entregado,2,norte
341,341,2026-01-21,tardío,7,oriente
342,342,2025-10-19,tardío,5,sur
343,343,2025-11-20,entregado,2,occidente
344,344,2026-10-06,entregado,4,sur
345,345,2026-01-04,entregado,3,oriente
346,346,2026-09-07,entregado,4,sur
347,347,2026-05-04,entregado,2,occidente
348,348,2026-10-05,entregado,2,centro
349,349,2026-01-26,tardío,4,centro
350,350,2025-10-17,entregado,3,oriente
351,351,2025-11-27,entregado,5,oriente
352,352,2025-08-16,entregado,4,occidente
353,353,2026-02-20,entregado,2,centro
354,354,2025-03-17,cancelado,6,centro
355,355,2025-12-14,entregado,1,centro
356,356,2026-01-24,tardío,3,centro
357,357,2026-04-01,entregado,4,occidente
358,358,2026-02-03,entregado,1,oriente
359,359,2025-01-12,entregado,1,oriente
360,360,2025-08-14,entregado,4,norte
361,361,2026-11-06,entregado,3,oriente
362,362,2026-05-05,entregado,2,centro
363,363,2025-01-19,entregado,7,sur
364,364,2026-04-05,tardío,5,centro
365,365,2025-10-12,entregado,1,centro
366,366,2025-12-21,entregado,2,oriente
367,367,2026-02-21,entregado,2,norte
368,368,2025-04-12,entregado,2,occidente
369,369,2026-02-27,tardío,8,sur
370,370,2026-01-15,entregado,2,sur
371,371,2025-10-25,entregado,1,norte
372,372,2025-11-29,entregado,2,centro
373,373,2025-11-04,tardío,5,occidente
374,374,2026-01-28,entregado,1,occidente
375,375,2025-11-01,entregado,1,occidente
376,376,2026-03-19,entregado,4,oriente
377,377,2025-09-16,cancelado,5,centro
378,378,2026-05-07,tardío,5,sur
379,379,2025-12-17,tardío,3,sur
380,380,2026-08-04,entregado,2,centro
381,381,2026-03-31,entregado,1,sur
382,382,2025-09-16,entregado,4,oriente
383,383,2026-01-20,cancelado,5,occidente
384,384,2026-01-03,entregado,1,sur
385,385,2026-02-04,tardío,6,oriente
386,386,2025-02-16,entregado,20,occidente
387,387,2026-01-26,entregado,1,centro
388,388,2026-02-22,entregado,3,centro
389,389,2025-07-15,entregado,4,oriente
390,390,2026-07-04,entregado,3,oriente
391,391,2025-11-19,entregado,1,oriente
392,392,2026-03-04,entregado,1,sur
393,393,2026-08-05,entregado,3,centro
394,394,2025-04-12,entregado,1,sur
395,395,2025-10-21,entregado,3,sur
396,396,2025-10-19,tardío,7,occidente
397,397,2026-01-20,tardío,5,oriente
398,398,2026-01-02,tardío,6,sur
399,399,2026-07-06,entregado,4,occidente
400,400,2025-08-16,entregado,4,norte
401,401,2025-01-11,entregado,1,occidente
402,402,2025-12-13,tardío,1,norte
403,403,2025-12-17,entregado,-2,norte
404,404,2026-03-04,entregado,4,norte
405,405,2026-02-28,entregado,2,norte
406,406,2026-03-23,cancelado,5,oriente
407,407,2026-03-04,entregado,2,sur
408,408,2025-08-13,entregado,2,sur
409,409,2026-01-27,entregado,4,norte
410,410,2026-02-18,entregado,3,sur
411,411,2026-01-06,tardío,4,norte
412,412,2026-01-01,entregado,-2,sur
413,413,2025-12-30,tardío,5,occidente
414,414,2026-02-20,entregado,1,oriente
415,415,2026-02-18,entregado,1,centro
416,416,2026-05-06,tardío,5,norte
417,417,2026-01-27,tardío,2,occidente
418,418,2025-12-27,entregado,5,occidente
419,419,2025-11-20,entregado,2,oriente
420,420,2026-03-29,entregado,1,oriente
421,421,2025-01-14,entregado,2,norte
422,422,2026-02-25,entregado,1,norte
423,423,2026-07-03,entregado,2,occidente
424,424,2025-12-02,entregado,3,occidente
425,425,2026-01-16,entregado,2,oriente
426,9536,2025-12-11,entregado,1,norte
427,427,2025-12-27,cancelado,6,norte
428,428,2026-02-03,tardío,4,occidente
429,429,2026-04-03,entregado,4,centro
430,430,2026-06-09,tardío,8,occidente
431,431,2026-07-05,entregado,4,centro
432,432,2026-03-21,entregado,2,norte
433,433,2026-03-19,entregado,3,occidente
434,434,2025-08-13,entregado,2,oriente
435,435,2026-04-09,entregado,7,sur
436,436,2025-10-13,entregado,3,norte
437,437,2025-02-16,tardío,5,norte
438,438,2026-06-04,entregado,2,occidente
439,439,2026-01-09,tardío,6,sur
440,440,2025-12-25,entregado,1,sur
441,441,2025-10-28,entregado,2,sur
442,442,2026-01-24,entregado,3,occidente
443,443,2025-10-27,entregado,1,occidente
444,444,2026-12-07,cancelado,5,centro
445,9592,2026-01-27,entregado,2,centro
446,446,2025-04-11,entregado,1,centro
447,447,2025-06-15,entregado,4,oriente
448,448,2026-01-17,entregado,4,norte
449,449,2026-03-24,tardío,7,centro
450,450,2025-09-13,entregado,2,oriente
451,451,2025-10-26,entregado,6,oriente
452,452,2026-02-01,entregado,3,occidente
453,453,2025-07-14,entregado,2,sur
454,454,2025-12-29,entregado,3,sur
455,455,2026-09-04,entregado,1,centro
456,456,2026-03-29,entregado,2,norte
457,457,2026-10-02,entregado,1,norte
458,458,2026-03-19,tardío,3,norte
459,459,2025-10-24,tardío,3,oriente
460,460,2025-12-30,tardío,6,oriente
461,461,2026-03-29,tardío,7,oriente
462,462,2026-02-16,entregado,2,occidente
463,463,2026-06-04,entregado,3,oriente
464,464,2025-12-26,tardío,5,norte
465,465,2026-10-06,entregado,3,norte
466,466,2026-02-06,entregado,4,sur
467,467,2026-02-22,tardío,6,norte
468,468,2025-10-12,entregado,2,oriente
469,469,2026-08-06,entregado,3,oriente
470,470,2025-10-21,entregado,3,centro
471,471,2025-12-08,tardío,8,occidente
472,472,2026-11-05,entregado,2,norte
473,473,2026-03-26,entregado,1,occidente
474,474,2025-12-20,cancelado,7,norte
475,475,2025-11-30,entregado,2,sur
476,476,2025-10-25,entregado,1,sur
477,477,2026-01-23,entregado,3,occidente
478,478,2025-11-01,tardío,6,oriente
479,479,2026-12-04,entregado,1,centro
480,480,2026-04-01,entregado,2,norte
481,481,2025-10-29,entregado,3,norte
482,482,2026-01-24,entregado,2,centro
483,483,2025-12-13,entregado,2,occidente
484,484,2026-03-29,entregado,2,occidente
485,485,2025-12-23,tardío,7,norte
486,486,2025-08-13,entregado,3,sur
487,487,2025-12-13,entregado,3,centro
488,488,2025-12-25,entregado,2,norte
489,489,2025-10-21,tardío,6,sur
490,490,2025-12-16,entregado,1,occidente
491,491,2026-01-02,entregado,2,sur
492,492,2026-04-03,entregado,2,oriente
493,493,2026-01-20,tardío,1,norte
494,494,2025-07-12,entregado,1,centro
495,495,2025-02-14,tardío,2,sur
496,496,2026-02-17,entregado,4,occidente
497,497,2026-01-15,entregado,1,sur
498,498,2026-02-25,entregado,3,occidente
499,499,2026-03-27,entregado,3,oriente
500,500,2025-11-21,cancelado,5,occidente
501,501,2025-11-20,tardío,7,centro
502,502,2025-11-17,entregado,3,oriente
503,503,2025-10-27,tardío,6,sur
504,504,2026-06-09,tardío,6,norte
505,505,2026-06-03,entregado,2,occidente
506,506,2026-08-05,entregado,2,centro
507,507,2026-03-25,entregado,1,norte
508,508,2025-01-13,entregado,1,norte
509,509,2026-05-03,entregado,1,oriente
510,510,2026-03-05,tardío,6,sur
511,511,2025-06-13,entregado,2,norte
512,512,2025-11-30,entregado,1,centro
513,513,2026-01-30,entregado,3,occidente
514,514,2026-03-17,entregado,4,occidente
515,515,2025-05-17,cancelado,5,occidente
516,516,2026-01-27,entregado,1,oriente
517,517,2025-05-14,entregado,2,centro
518,518,2026-03-25,entregado,5,norte
519,519,2025-03-13,entregado,3,centro
520,520,2026-01-29,entregado,1,oriente
521,521,2025-12-18,tardío,5,oriente
522,522,2026-03-25,entregado,2,sur
523,523,2026-02-19,entregado,2,centro
524,524,2025-10-14,entregado,3,occidente
525,525,2025-10-23,entregado,4,oriente
526,526,2026-01-23,tardío,1,oriente
527,527,2025-12-31,entregado,3,sur
528,528,2026-03-05,tardío,5,occidente
529,529,2025-12-21,tardío,5,oriente
530,530,2026-03-14,entregado,1,norte
531,531,2026-01-23,cancelado,6,occidente
532,532,2026-03-30,entregado,4,centro
533,533,2025-04-14,tardío,2,sur
534,534,2026-01-27,entregado,2,norte
535,535,2025-12-20,entregado,3,norte
536,536,2025-11-22,tardío,2,centro
537,537,2026-07-04,tardío,3,sur
538,538,2026-01-03,entregado,1,oriente
539,539,2025-11-01,entregado,4,sur
540,540,2025-12-06,tardío,6,oriente
541,541,2026-06-02,entregado,1,centro
542,542,2026-02-25,tardío,1,centro
543,543,2026-01-02,entregado,2,norte
544,544,2026-02-26,entregado,1,norte
545,545,2025-12-17,entregado,2,norte
546,546,2026-03-31,entregado,2,centro
547,547,2025-12-23,tardío,8,oriente
548,548,2025-06-13,tardío,3,centro
549,549,2026-03-23,cancelado,5,centro
550,550,2026-10-08,tardío,7,norte
551,551,2025-10-16,entregado,4,sur
552,552,2025-03-13,entregado,3,norte
553,553,2026-02-25,entregado,3,sur
554,554,2026-03-29,entregado,4,oriente
555,555,2025-10-19,tardío,6,oriente
556,556,2026-05-05,entregado,2,occidente
557,557,2026-05-05,entregado,3,occidente
558,558,2025-12-16,entregado,3,occidente
559,559,2025-12-03,tardío,5,oriente
560,560,2026-05-05,entregado,2,norte
561,561,2026-01-05,tardío,6,norte
562,562,2025-12-02,tardío,6,norte
563,563,2026-12-07,tardío,4,centro
564,564,2025-11-19,entregado,1,occidente
565,565,2026-08-08,entregado,5,norte
566,566,2025-04-15,entregado,3,occidente
567,567,2026-03-27,entregado,4,occidente
568,568,2026-03-23,tardío,5,centro
569,569,2026-04-01,tardío,8,oriente
570,570,2025-05-12,entregado,1,norte
571,571,2026-10-04,entregado,1,centro
572,572,2025-10-27,entregado,2,oriente
573,573,2026-10-07,entregado,4,oriente
574,574,2026-03-17,entregado,2,norte
575,575,2025-11-11,entregado,1,occidente
576,576,2025-12-22,tardío,3,sur
577,577,2026-01-27,cancelado,6,occidente
578,578,2025-09-11,entregado,1,occidente
579,579,2026-02-27,entregado,1,sur
580,580,2026-02-02,entregado,1,oriente
581,581,2025-03-13,entregado,2,sur
582,582,2025-11-01,entregado,8,sur
583,583,2025-12-20,tardío,5,centro
584,584,2025-12-29,tardío,6,centro
585,585,2026-01-22,tardío,7,centro
586,586,2025-11-17,entregado,3,oriente
587,587,2025-11-23,entregado,2,sur
588,588,2025-03-19,tardío,8,norte
589,589,2026-02-18,entregado,2,sur
590,590,2026-02-06,tardío,5,oriente
591,591,2026-02-14,entregado,1,centro
592,592,2026-06-03,entregado,1,oriente
593,593,2025-09-14,entregado,2,centro
594,594,2025-12-16,tardío,5,oriente
595,595,2025-05-13,entregado,1,norte
596,596,2026-01-04,entregado,2,centro
597,597,2025-12-23,entregado,8,centro
598,598,2026-01-01,cancelado,6,sur
599,599,2025-11-01,entregado,2,oriente
600,600,2026-01-30,entregado,2,occidente
601,601,2025-10-24,entregado,4,occidente
602,602,2025-06-13,entregado,2,sur
603,603,2025-11-30,entregado,3,oriente
604,604,2026-03-25,tardío,2,norte
605,605,2026-03-25,entregado,3,sur
606,606,2026-10-08,cancelado,7,centro
607,607,2026-02-21,entregado,1,norte
608,608,2026-02-04,entregado,3,oriente
609,609,2025-10-28,tardío,4,centro
610,610,2026-10-02,entregado,1,occidente
611,611,2025-04-12,entregado,2,oriente
612,612,2025-07-19,tardío,7,centro
613,613,2026-02-16,entregado,1,oriente
614,614,2025-01-15,entregado,4,centro
615,615,2026-01-31,cancelado,6,oriente
616,616,2026-03-04,entregado,3,occidente
617,617,2026-03-24,entregado,2,sur
618,618,2026-03-25,entregado,3,centro
619,619,2025-07-13,entregado,1,centro
620,620,2026-03-01,entregado,2,occidente
621,621,2026-06-04,entregado,3,sur
622,622,2026-03-15,entregado,2,oriente
623,623,2026-04-06,tardío,5,centro
624,624,2025-11-05,tardío,8,sur
625,625,2026-03-26,entregado,4,oriente
626,626,2025-12-03,entregado,4,centro
627,627,2026-02-05,cancelado,7,centro
628,628,2025-07-12,entregado,2,oriente
629,629,2026-08-06,entregado,3,occidente
630,630,2026-02-22,entregado,1,sur
631,631,2025-12-29,tardío,6,centro
632,632,2026-06-05,entregado,2,oriente
633,633,2025-11-30,entregado,4,centro
634,634,2026-03-21,entregado,6,oriente
635,635,2025-10-21,entregado,4,centro
636,636,2026-12-04,tardío,1,norte
637,637,2026-01-31,tardío,4,occidente
638,638,2026-04-01,entregado,3,sur
639,639,2025-12-18,entregado,1,occidente
640,640,2026-03-21,entregado,5,occidente
641,641,2026-01-18,tardío,5,sur
642,642,2025-11-07,cancelado,8,occidente
643,643,2025-05-12,tardío,1,norte
644,644,2025-12-12,entregado,2,oriente
645,645,2025-10-12,tardío,2,sur
646,646,2025-12-18,entregado,1,oriente
647,647,2026-04-05,entregado,3,centro
648,648,2025-11-03,entregado,4,norte
649,649,2025-10-29,tardío,4,oriente
650,650,2025-12-05,cancelado,5,oriente
651,651,2026-02-17,entregado,2,sur
652,652,2025-04-14,entregado,3,centro
653,653,2026-08-08,tardío,7,sur
654,654,2026-01-31,tardío,6,centro
655,655,2026-03-06,tardío,5,sur
656,656,2026-03-22,entregado,1,oriente
657,657,2026-03-30,entregado,2,oriente
658,658,2026-02-19,entregado,3,norte
659,659,2026-01-23,tardío,7,oriente
660,660,2026-03-04,entregado,4,occidente
661,661,2025-09-14,entregado,3,oriente
662,662,2026-01-17,entregado,2,occidente
663,663,2026-03-20,entregado,3,oriente
664,664,2025-10-30,entregado,4,occidente
665,665,2026-03-03,entregado,1,occidente
666,666,2026-07-06,entregado,20,oriente
667,667,2026-01-15,entregado,2,occidente
668,668,2025-11-20,entregado,8,norte
669,669,2025-09-11,entregado,1,centro
670,670,2026-03-30,entregado,4,occidente
671,671,2026-03-06,cancelado,5,occidente
672,672,2025-11-28,entregado,3,norte
673,673,2026-01-27,cancelado,5,norte
674,674,2026-01-25,entregado,3,sur
675,675,2025-12-02,entregado,2,centro
676,676,2026-01-05,tardío,4,sur
677,677,2025-10-30,entregado,4,occidente
678,678,2026-03-26,entregado,1,norte
679,679,2026-03-04,entregado,3,occidente
680,680,2026-02-21,entregado,4,oriente
681,681,2026-03-20,entregado,5,centro
682,682,2026-01-03,entregado,3,oriente
683,683,2025-10-20,tardío,4,norte
684,684,2026-10-05,entregado,4,norte
685,685,2025-10-13,entregado,1,norte
686,686,2025-11-20,entregado,2,centro
687,687,2025-01-16,tardío,5,sur
688,688,2026-01-27,entregado,2,occidente
689,689,2025-10-30,tardío,6,occidente
690,690,2026-03-23,entregado,9,occidente
691,691,2025-11-28,entregado,4,occidente
692,692,2026-03-16,entregado,2,occidente
693,693,2026-03-16,entregado,3,sur
694,694,2026-02-04,entregado,1,oriente
695,695,2025-06-13,entregado,3,centro
696,696,2025-10-19,tardío,6,oriente
697,697,2025-12-27,entregado,2,oriente
698,698,2025-02-15,entregado,3,occidente
699,699,2025-02-15,entregado,4,occidente
700,700,2026-02-25,entregado,3,sur
701,701,2025-11-28,cancelado,6,centro
702,702,2025-10-23,cancelado,5,norte
703,9505,2026-02-21,entregado,2,oriente
704,704,2025-11-24,entregado,1,norte
705,705,2026-03-07,tardío,7,centro
706,706,2025-11-29,entregado,4,oriente
707,707,2025-12-06,tardío,7,norte
708,708,2026-01-01,tardío,8,norte
709,709,2025-07-13,entregado,2,sur
710,710,2026-02-05,entregado,2,centro
711,711,2025-01-14,entregado,4,centro
712,712,2025-10-16,entregado,4,centro
713,713,2025-07-14,entregado,3,oriente
714,714,2025-03-12,entregado,1,sur
715,715,2026-02-17,entregado,1,occidente
716,716,2025-04-16,entregado,4,oriente
717,717,2025-11-21,tardío,7,centro
718,718,2025-11-06,tardío,8,oriente
719,719,2026-03-22,entregado,3,norte
720,720,2025-07-15,tardío,5,oriente
721,721,2025-03-13,entregado,2,oriente
722,722,2025-04-12,entregado,2,centro
723,723,2026-01-02,entregado,2,norte
724,724,2025-12-02,entregado,2,centro
725,725,2026-03-01,entregado,1,norte
726,726,2025-12-26,entregado,4,norte
727,727,2025-05-13,entregado,3,norte
728,728,2025-11-16,entregado,2,centro
729,729,2025-07-15,entregado,3,norte
730,730,2025-10-21,tardío,7,sur
731,731,2025-02-14,entregado,3,sur
732,732,2026-01-19,entregado,3,occidente
733,733,2026-12-04,entregado,2,sur
734,734,2025-11-03,entregado,4,occidente
735,735,2025-10-18,entregado,1,sur
736,736,2026-02-01,entregado,2,centro
737,737,2026-01-24,entregado,1,occidente
738,738,2026-01-04,entregado,3,oriente
739,9594,2026-09-10,tardío,8,oriente
740,740,2026-01-10,tardío,7,sur
741,741,2025-11-02,tardío,5,oriente
742,742,2026-01-27,entregado,3,sur
743,743,2026-06-08,tardío,6,sur
744,744,2025-11-28,entregado,2,oriente
745,745,2026-07-09,tardío,6,oriente
746,746,2025-12-14,entregado,4,norte
747,747,2026-03-23,tardío,5,occidente
748,748,2026-11-05,tardío,3,sur
749,749,2025-12-20,entregado,3,oriente
750,750,2026-01-28,entregado,2,occidente
751,751,2026-03-16,entregado,2,oriente
752,752,2025-08-14,entregado,4,oriente
753,753,2025-10-20,entregado,4,norte
754,754,2026-02-03,entregado,3,sur
755,755,2026-11-04,entregado,3,sur
756,756,2026-01-22,entregado,4,centro
757,757,2026-03-27,entregado,2,norte
758,758,2025-11-01,entregado,4,occidente
759,759,2026-03-06,entregado,4,norte
760,760,2026-01-24,entregado,2,occidente
761,761,2025-10-21,entregado,2,sur
762,762,2025-10-25,entregado,4,centro
763,763,2025-12-29,entregado,7,centro
764,764,2026-05-08,cancelado,5,sur
765,765,2025-07-14,entregado,3,oriente
766,766,2025-10-18,entregado,1,norte
767,767,2025-02-16,tardío,5,centro
768,768,2025-10-20,entregado,8,oriente
769,769,2026-09-07,entregado,4,occidente
770,770,2026-12-07,entregado,4,centro
771,771,2026-03-04,tardío,5,occidente
772,772,2026-02-22,entregado,4,oriente
773,773,2025-12-24,entregado,1,occidente
774,774,2026-06-02,entregado,1,oriente
775,775,2026-02-05,entregado,2,occidente
776,776,2026-02-16,entregado,3,norte
777,777,2025-12-17,entregado,2,centro
778,778,2026-01-26,entregado,1,centro
779,779,2026-07-04,entregado,2,oriente
780,780,2026-04-06,entregado,3,occidente
781,781,2026-01-24,tardío,5,sur
782,782,2025-10-29,entregado,3,centro
783,783,2026-04-02,tardío,4,occidente
784,784,2025-11-02,tardío,3,occidente
785,785,2026-03-19,entregado,2,norte
786,786,2026-03-17,entregado,1,sur
787,787,2026-02-21,entregado,2,centro
788,788,2025-11-28,entregado,3,norte
789,789,2026-01-20,entregado,1,sur
790,790,2026-01-30,tardío,6,centro
791,791,2025-12-02,entregado,4,norte
792,792,2026-01-17,entregado,3,sur
793,793,2025-12-28,entregado,2,centro
794,794,2026-01-27,entregado,2,sur
795,795,2026-11-02,entregado,1,occidente
796,796,2026-01-18,entregado,3,oriente
797,797,2025-10-28,entregado,3,oriente
798,798,2025-12-23,entregado,3,occidente
799,799,2026-01-25,entregado,7,sur
800,800,2025-12-21,entregado,1,occidente
801,801,2026-03-25,entregado,5,oriente
802,802,2025-05-15,entregado,3,oriente
803,803,2026-04-05,entregado,4,sur
804,804,2025-09-15,entregado,4,oriente
805,805,2026-04-01,entregado,7,occidente
806,806,2026-02-03,entregado,4,sur
807,807,2025-10-19,entregado,1,occidente
808,808,2025-10-28,entregado,4,sur
809,809,2025-10-24,entregado,2,oriente
810,810,2025-10-29,tardío,5,centro
811,811,2026-01-22,entregado,3,sur
812,812,2025-10-28,entregado,3,sur
813,813,2026-04-04,tardío,3,centro
814,814,2025-03-12,entregado,1,oriente
815,815,2026-02-21,entregado,1,occidente
816,816,2025-10-18,entregado,2,norte
817,817,2026-03-07,cancelado,7,centro
818,818,2026-02-23,entregado,2,norte
819,819,2026-02-24,entregado,3,oriente
820,820,2025-12-28,entregado,4,sur
821,821,2026-03-26,entregado,5,sur
822,822,2025-01-14,tardío,3,oriente
823,823,2026-01-20,tardío,6,occidente
824,824,2026-01-02,tardío,3,occidente
825,825,2026-03-22,entregado,2,oriente
826,826,2026-01-19,entregado,2,oriente
827,827,2025-10-18,entregado,4,oriente
828,828,2025-12-21,entregado,8,oriente
829,829,2026-03-08,tardío,5,oriente
830,830,2025-12-22,entregado,3,oriente
831,831,2026-01-02,entregado,3,sur
832,832,2025-11-01,tardío,5,norte
833,833,2026-03-02,tardío,5,occidente
834,834,2026-07-04,entregado,2,norte
835,835,2025-11-26,entregado,2,sur
836,836,2025-09-16,entregado,5,centro
837,837,2026-03-21,entregado,3,norte
838,838,2026-01-03,entregado,1,centro
839,839,2025-12-01,entregado,4,sur
840,840,2025-11-02,tardío,5,occidente
841,841,2026-01-02,entregado,4,centro
842,842,2026-02-27,tardío,7,sur
843,843,2026-03-04,entregado,3,oriente
844,844,2025-11-07,tardío,8,occidente
845,845,2025-11-15,entregado,3,oriente
846,846,2026-02-27,entregado,3,occidente
847,847,2025-11-28,entregado,1,occidente
848,848,2026-01-20,entregado,2,norte
849,849,2026-02-23,entregado,2,occidente
850,850,2026-09-10,tardío,7,norte
851,851,2026-07-08,tardío,5,centro
852,852,2026-03-28,tardío,6,occidente
853,853,2026-03-17,entregado,3,centro
854,854,2026-02-24,entregado,4,occidente
855,855,2025-07-12,entregado,2,norte
856,856,2026-05-06,entregado,3,oriente
857,857,2026-03-19,entregado,1,occidente
858,858,2026-03-30,entregado,3,sur
859,859,2025-08-13,entregado,1,oriente
860,860,2025-08-15,tardío,5,norte
861,861,2025-11-18,entregado,2,sur
862,862,2025-09-15,entregado,3,centro
863,863,2026-04-06,cancelado,8,norte
864,864,2025-12-21,entregado,2,oriente
865,865,2025-12-28,entregado,2,centro
866,866,2025-12-30,entregado,1,centro
867,867,2025-02-17,cancelado,7,norte
868,868,2025-11-19,entregado,3,oriente
869,869,2025-06-12,entregado,1,norte
870,870,2026-02-23,entregado,1,sur
871,871,2026-03-19,entregado,1,sur
872,872,2026-11-05,entregado,4,occidente
873,873,2025-10-19,entregado,1,centro
874,874,2025-06-17,entregado,6,occidente
875,875,2026-12-05,entregado,2,oriente
876,876,2025-08-12,tardío,2,sur
877,877,2025-10-28,entregado,4,occidente
878,878,2026-02-16,entregado,3,sur
879,879,2025-11-27,entregado,2,sur
880,880,2026-05-03,tardío,2,sur
881,881,2026-01-20,entregado,4,norte
882,882,2026-01-31,tardío,6,occidente
883,883,2025-12-29,entregado,2,centro
884,884,2025-10-14,entregado,3,occidente
885,885,2026-03-04,entregado,3,centro
886,886,2025-12-21,entregado,2,occidente
887,887,2025-12-24,entregado,1,occidente
888,888,2026-02-27,entregado,4,sur
889,889,2026-02-06,entregado,3,centro
890,890,2025-10-23,entregado,1,centro
891,891,2025-10-15,entregado,1,centro
892,892,2025-09-14,entregado,3,occidente
893,893,2025-10-12,tardío,1,centro
894,894,2026-08-11,tardío,8,occidente
895,895,2025-10-16,entregado,3,norte
896,896,2026-03-24,entregado,2,sur
897,897,2025-10-27,cancelado,6,oriente
898,898,2025-09-19,tardío,7,norte
899,899,2026-01-24,entregado,2,centro
900,900,2026-03-22,entregado,3,sur
901,901,2026-01-19,entregado,2,sur
902,902,2026-02-07,entregado,5,sur
903,903,2026-05-08,tardío,5,sur
904,904,2026-01-23,entregado,1,centro
905,905,2026-01-18,entregado,3,sur
906,906,2025-09-13,entregado,1,oriente
907,907,2025-11-29,entregado,4,oriente
908,908,2026-09-08,tardío,6,sur
909,909,2025-11-02,entregado,3,occidente
910,910,2025-12-31,entregado,3,centro
911,911,2026-01-25,entregado,6,oriente
912,912,2025-11-04,tardío,6,oriente
913,913,2025-12-15,entregado,3,oriente
914,914,2026-03-24,entregado,1,norte
915,915,2026-03-25,entregado,2,norte
916,916,2026-01-06,entregado,3,oriente
917,917,2026-02-05,entregado,3,occidente
918,918,2026-12-06,entregado,4,centro
919,919,2026-03-26,tardío,6,centro
920,920,2025-12-21,entregado,3,oriente
921,921,2025-12-17,tardío,7,oriente
922,922,2025-11-29,entregado,3,centro
923,923,2026-10-03,entregado,2,occidente
924,924,2026-03-05,entregado,2,norte
925,925,2025-10-18,entregado,3,norte
926,926,2025-02-16,tardío,6,oriente
927,927,2025-11-26,entregado,4,centro
928,928,2025-12-19,entregado,2,norte
929,929,2025-11-30,tardío,6,occidente
930,930,2025-05-13,entregado,2,oriente
931,931,2025-05-15,entregado,3,sur
932,932,2025-12-17,entregado,3,oriente
933,933,2025-12-26,entregado,3,sur
934,934,2025-11-03,entregado,3,oriente
935,935,2025-02-17,tardío,7,centro
936,936,2026-05-03,tardío,1,centro
937,937,2026-01-23,entregado,4,centro
938,938,2025-11-15,entregado,1,centro
939,939,2025-03-12,entregado,1,occidente
940,940,2026-06-07,tardío,6,occidente
941,941,2026-02-18,entregado,4,sur
942,942,2026-04-04,cancelado,5,occidente
943,943,2025-12-05,tardío,7,oriente
944,944,2026-06-09,entregado,7,centro
945,945,2026-02-22,entregado,1,norte
946,946,2026-03-25,tardío,4,norte
947,947,2026-01-01,entregado,2,norte
948,948,2025-10-20,entregado,1,oriente
949,949,2026-10-02,entregado,1,norte
950,950,2025-11-15,tardío,5,norte
951,951,2026-01-23,entregado,3,sur
952,952,2025-05-11,entregado,1,oriente
953,953,2026-01-27,entregado,1,oriente
954,954,2025-10-21,entregado,1,norte
955,955,2025-12-23,entregado,3,oriente
956,956,2026-02-26,entregado,1,sur
957,957,2026-01-23,entregado,5,sur
958,958,2026-02-25,entregado,1,centro
959,959,2026-12-05,entregado,4,sur
960,960,2026-04-05,cancelado,5,centro
961,961,2026-03-18,entregado,5,norte
962,962,2026-01-19,entregado,4,centro
963,963,2025-12-18,entregado,4,centro
964,964,2025-11-03,entregado,4,norte
965,965,2026-12-03,entregado,2,centro
966,966,2025-06-11,entregado,1,sur
967,967,2025-12-30,entregado,7,norte
968,968,2025-11-21,entregado,8,oriente
969,969,2026-08-04,entregado,1,centro
970,970,2026-01-28,entregado,2,sur
971,971,2026-03-28,entregado,2,oriente
972,972,2026-01-04,entregado,3,norte
973,973,2025-10-27,entregado,4,norte
974,974,2026-01-22,entregado,2,norte
975,975,2025-11-01,entregado,4,sur
976,976,2025-02-18,tardío,6,oriente
977,977,2026-01-25,tardío,5,norte
978,978,2026-03-04,entregado,4,sur
979,979,2026-11-04,entregado,3,occidente
980,980,2026-12-04,entregado,2,sur
981,981,2025-10-26,entregado,5,occidente
982,982,2026-10-04,entregado,3,oriente
983,983,2025-12-22,tardío,3,norte
984,984,2025-12-29,entregado,3,norte
985,985,2025-11-28,entregado,2,centro
986,986,2025-12-28,entregado,3,norte
987,987,2025-11-18,entregado,5,oriente
988,988,2025-10-24,entregado,4,sur
989,989,2026-08-04,tardío,2,oriente
990,990,2026-12-09,tardío,6,norte
991,991,2025-10-31,entregado,1,sur
992,992,2026-02-15,entregado,2,oriente
993,993,2026-08-09,tardío,7,norte
994,994,2025-11-20,entregado,1,norte
995,995,2025-12-30,tardío,1,norte
996,996,2026-01-02,tardío,4,centro
997,997,2026-03-17,entregado,2,centro
998,998,2025-07-14,entregado,3,centro
999,999,2025-12-02,tardío,2,sur
1000,1000,2025-11-01,entregado,5,oriente
1001,1001,2025-07-12,entregado,1,sur
1002,1002,2025-05-16,entregado,4,sur
1003,1003,2025-11-27,tardío,7,norte
1004,1004,2025-11-16,entregado,2,occidente
1005,1005,2026-04-08,tardío,5,occidente
1006,1006,2025-09-13,entregado,2,norte
1007,1007,2026-03-18,entregado,1,occidente
1008,1008,2025-10-23,entregado,3,sur
1009,1009,2025-11-17,entregado,2,oriente
1010,1010,2026-10-06,entregado,3,centro
1011,1011,2026-04-03,entregado,1,sur
1012,1012,2026-01-30,entregado,3,sur
1013,1013,2026-02-23,entregado,1,oriente
1014,1014,2026-03-05,tardío,7,occidente
1015,1015,2026-01-25,tardío,2,oriente
1016,1016,2026-03-25,entregado,1,sur
1017,1017,2026-03-02,cancelado,8,norte
1018,1018,2026-03-17,entregado,3,norte
1019,1019,2026-12-05,entregado,2,sur
1020,1020,2026-09-09,tardío,6,norte
1021,1021,2025-12-27,entregado,5,occidente
1022,1022,2026-10-07,entregado,4,oriente
1023,1023,2025-12-24,entregado,4,centro
1024,1024,2025-08-13,entregado,2,oriente
1025,1025,2026-01-24,entregado,3,centro
1026,1026,2025-10-23,entregado,5,sur
1027,1027,2026-02-05,tardío,7,sur
1028,1028,2026-01-26,entregado,4,centro
1029,1029,2026-11-09,tardío,6,norte
1030,1030,2025-12-21,entregado,4,sur
1031,1031,2025-10-14,tardío,2,occidente
1032,9523,2026-01-08,tardío,5,occidente
1033,1033,2025-10-16,entregado,1,occidente
1034,1034,2026-01-01,entregado,2,occidente
1035,1035,2026-07-09,tardío,7,centro
1036,1036,2025-10-22,entregado,3,norte
1037,1037,2025-12-20,entregado,1,centro
1038,1038,2026-01-29,entregado,2,sur
1039,1039,2026-01-28,entregado,4,occidente
1040,1040,2025-10-11,entregado,1,occidente
1041,1041,2025-10-19,entregado,4,occidente
1042,1042,2026-03-04,entregado,3,sur
1043,1043,2025-12-19,tardío,6,oriente
1044,1044,2025-10-22,tardío,2,centro
1045,1045,2026-03-19,tardío,4,norte
1046,1046,2025-10-29,tardío,5,sur
1047,1047,2026-07-04,entregado,1,oriente
1048,1048,2026-02-10,tardío,7,oriente
1049,1049,2026-07-03,entregado,1,norte
1050,1050,2026-07-05,entregado,4,sur
1051,1051,2026-01-29,entregado,2,oriente
1052,1052,2026-02-27,entregado,1,occidente
1053,1053,2026-02-21,entregado,2,norte
1054,1054,2025-11-15,entregado,5,occidente
1055,1055,2026-01-26,entregado,2,norte
1056,1056,2026-02-27,entregado,3,centro
1057,1057,2026-03-21,tardío,5,centro
1058,1058,2025-11-23,tardío,5,sur
1059,1059,2025-12-23,tardío,1,oriente
1060,1060,2026-04-06,entregado,3,occidente
1061,1061,2026-02-02,entregado,3,oriente
1062,1062,2026-06-06,entregado,4,centro
1063,1063,2025-08-14,entregado,3,occidente
1064,1064,2025-10-22,tardío,6,sur
1065,1065,2026-01-25,entregado,1,oriente
1066,1066,2025-10-28,entregado,1,norte
1067,1067,2025-12-28,entregado,1,norte
1068,1068,2025-10-23,entregado,1,occidente
1069,1069,2026-07-09,entregado,7,norte
1070,1070,2026-03-16,entregado,1,norte
1071,1071,2025-11-18,entregado,4,centro
1072,1072,2025-11-11,entregado,1,sur
1073,1073,2025-03-15,entregado,3,norte
1074,1074,2026-04-07,entregado,7,norte
1075,1075,2026-01-26,tardío,5,oriente
1076,1076,2026-01-24,entregado,3,occidente
1077,1077,2026-12-04,entregado,2,centro
1078,1078,2026-11-04,entregado,2,occidente
1079,1079,2026-06-05,entregado,2,oriente
1080,1080,2025-10-17,tardío,6,oriente
1081,1081,2026-02-05,entregado,4,oriente
1082,1082,2026-04-07,tardío,6,norte
1083,1083,2025-12-17,entregado,5,occidente
1084,1084,2026-08-03,entregado,2,occidente
1085,1085,2026-01-20,tardío,7,occidente
1086,1086,2025-12-30,tardío,4,sur
1087,1087,2026-03-25,entregado,2,centro
1088,1088,2026-03-10,entregado,7,norte
1089,1089,2025-10-16,entregado,2,centro
1090,1090,2026-11-04,entregado,1,norte
1091,1091,2026-03-20,tardío,5,occidente
1092,1092,2025-12-27,entregado,2,sur
1093,1093,2025-10-21,entregado,4,sur
1094,1094,2025-12-30,entregado,6,occidente
1095,1095,2025-10-30,entregado,5,centro
1096,1096,2026-02-24,entregado,4,oriente
1097,1097,2026-03-29,entregado,6,occidente
1098,1098,2026-07-03,entregado,2,norte
1099,1099,2025-12-14,entregado,2,centro
1100,1100,2025-12-06,entregado,2,oriente
1101,1101,2026-03-21,entregado,3,sur
1102,1102,2026-04-08,tardío,5,norte
1103,1103,2025-08-14,entregado,3,sur
1104,1104,2025-12-27,entregado,2,norte
1105,1105,2025-10-26,entregado,5,oriente
1106,1106,2026-03-01,entregado,2,norte
1107,1107,2026-03-21,tardío,2,oriente
1108,1108,2025-06-18,tardío,7,occidente
1109,1109,2026-01-02,entregado,4,occidente
1110,1110,2025-12-23,entregado,4,norte
1111,1111,2026-03-24,tardío,7,centro
1112,1112,2026-04-01,entregado,4,sur
1113,1113,2026-03-23,entregado,4,norte
1114,1114,2026-09-03,entregado,2,norte
1115,9557,2025-03-12,entregado,1,sur
1116,1116,2026-02-06,tardío,3,norte
1117,1117,2026-04-03,entregado,3,sur
1118,1118,2025-10-24,entregado,2,oriente
1119,1119,2025-12-22,entregado,3,centro
1120,1120,2026-02-23,entregado,2,occidente
1121,1121,2026-05-05,entregado,4,occidente
1122,1122,2026-03-20,cancelado,6,centro
1123,1123,2026-01-01,entregado,8,sur
1124,1124,2025-02-19,entregado,8,centro
1125,1125,2026-03-23,entregado,2,sur
1126,1126,2026-03-31,entregado,2,centro
1127,1127,2026-03-27,entregado,2,norte
1128,1128,2026-12-06,entregado,4,norte
1129,1129,2025-10-26,entregado,2,centro
1130,1130,2026-03-20,cancelado,5,oriente
1131,1131,2026-03-25,entregado,4,centro
1132,1132,2026-01-19,entregado,2,occidente
1133,1133,2026-08-04,entregado,2,norte
1134,1134,2026-01-09,tardío,8,centro
1135,1135,2025-05-12,entregado,2,occidente
1136,1136,2026-01-05,entregado,4,norte
1137,1137,2025-12-22,entregado,3,oriente
1138,1138,2025-11-19,entregado,3,oriente
1139,1139,2025-11-27,entregado,3,occidente
1140,1140,2026-01-01,tardío,5,centro
1141,1141,2026-02-06,entregado,4,norte
1142,1142,2025-11-21,entregado,2,oriente
1143,1143,2025-11-30,entregado,3,occidente
1144,1144,2025-05-14,entregado,3,sur
1145,1145,2025-09-16,entregado,5,centro
1146,1146,2025-10-21,entregado,1,sur
1147,1147,2025-12-16,entregado,1,centro
1148,1148,2025-10-28,entregado,2,norte
1149,1149,2026-07-08,tardío,6,occidente
1150,1150,2026-02-18,entregado,2,norte
1151,1151,2026-12-05,tardío,3,sur
1152,1152,2025-10-13,tardío,3,occidente
1153,1153,2026-03-20,entregado,1,norte
1154,1154,2025-12-31,tardío,5,norte
1155,1155,2026-08-04,entregado,1,norte
1156,1156,2025-03-14,entregado,3,sur
1157,1157,2026-02-08,entregado,5,norte
1158,1158,2026-05-05,entregado,4,oriente
1159,1159,2025-09-14,entregado,3,centro
1160,1160,2025-11-18,tardío,7,oriente
1161,1161,2025-11-19,entregado,3,sur
1162,1162,2026-03-29,entregado,2,sur
1163,1163,2026-09-06,entregado,3,norte
1164,1164,2025-12-16,entregado,5,occidente
1165,1165,2026-01-28,tardío,7,oriente
1166,1166,2025-12-13,entregado,3,sur
1167,1167,2026-01-16,entregado,2,centro
1168,1168,2026-02-06,tardío,5,sur
1169,1169,2026-03-30,entregado,7,oriente
1170,9582,2025-12-04,entregado,4,centro
1171,1171,2026-01-24,entregado,2,centro
1172,1172,2026-06-05,entregado,2,norte
1173,9544,2025-12-13,entregado,1,occidente
1174,1174,2026-01-26,entregado,3,centro
1175,1175,2025-12-02,entregado,3,norte
1176,1176,2026-02-19,tardío,5,occidente
1177,1177,2025-01-14,entregado,2,norte
1178,1178,2025-12-22,entregado,3,sur
1179,1179,2026-02-02,entregado,4,sur
1180,1180,2025-11-21,entregado,2,occidente
1181,1181,2026-03-03,entregado,2,norte
1182,1182,2026-03-28,tardío,5,oriente
1183,1183,2026-02-27,entregado,3,norte
1184,1184,2026-01-23,entregado,2,oriente
1185,1185,2026-01-30,entregado,3,centro
1186,1186,2025-12-17,tardío,5,centro
1187,1187,2026-06-07,tardío,6,centro
1188,1188,2026-06-05,entregado,-2,norte
1189,1189,2026-02-18,tardío,5,occidente
1190,1190,2026-01-20,entregado,4,oriente
1191,1191,2025-11-14,entregado,3,norte
1192,1192,2025-11-22,entregado,1,centro
1193,1193,2026-04-04,entregado,1,sur
1194,1194,2025-05-16,tardío,5,centro
1195,1195,2025-04-14,entregado,2,occidente
1196,1196,2025-10-17,entregado,3,centro
1197,1197,2026-03-17,entregado,3,occidente
1198,1198,2026-01-06,entregado,4,sur
1199,1199,2026-04-04,entregado,3,oriente
1200,1200,2026-02-22,entregado,3,centro
1201,1201,2025-10-28,entregado,1,occidente
1202,1202,2026-10-03,entregado,1,oriente
1203,1203,2025-01-16,tardío,5,sur
1204,1204,2025-12-14,entregado,2,occidente
1205,1205,2025-10-24,entregado,2,sur
1206,1206,2025-11-14,entregado,3,sur
1207,1207,2025-09-18,tardío,6,norte
1208,1208,2026-02-01,tardío,8,oriente
1209,1209,2026-09-04,entregado,2,norte
1210,1210,2025-07-12,entregado,1,sur
1211,1211,2026-01-24,entregado,4,occidente
1212,1212,2025-10-26,entregado,2,centro
1213,1213,2025-11-30,entregado,4,norte
1214,1214,2026-01-28,entregado,4,centro
1215,1215,2025-12-30,entregado,1,norte
1216,1216,2025-07-14,entregado,4,oriente
1217,1217,2026-01-16,entregado,1,centro
1218,1218,2025-10-16,entregado,2,norte
1219,1219,2026-10-03,entregado,2,sur
1220,1220,2026-06-06,entregado,4,occidente
1221,1221,2026-04-03,tardío,2,sur
1222,1222,2025-12-02,entregado,2,oriente
1223,1223,2026-07-08,entregado,7,oriente
1224,1224,2025-10-29,entregado,8,norte
1225,1225,2026-04-03,entregado,2,sur
1226,1226,2025-11-29,entregado,2,centro
1227,1227,2025-08-14,entregado,4,norte
1228,1228,2025-12-26,tardío,5,norte
1229,9522,2025-10-29,tardío,3,sur
1230,1230,2026-03-18,entregado,2,occidente
1231,1231,2025-12-29,entregado,4,oriente
1232,1232,2025-07-14,entregado,3,centro
1233,1233,2025-05-16,tardío,5,oriente
1234,1234,2025-10-13,entregado,3,norte
1235,1235,2025-12-15,entregado,2,occidente
1236,1236,2026-02-04,cancelado,6,norte
1237,1237,2026-04-02,tardío,5,occidente
1238,1238,2025-05-19,tardío,8,sur
1239,1239,2026-04-03,entregado,4,oriente
1240,1240,2026-02-06,entregado,8,norte
1241,1241,2026-01-27,entregado,4,occidente
1242,1242,2026-07-08,entregado,5,occidente
1243,1243,2025-02-14,entregado,4,norte
1244,1244,2025-10-24,entregado,3,oriente
1245,1245,2025-05-13,entregado,3,sur
1246,1246,2025-05-14,entregado,2,sur
1247,1247,2025-11-27,entregado,2,centro
1248,1248,2025-08-17,tardío,6,centro
1249,1249,2026-02-20,entregado,2,centro
1250,1250,2026-05-07,tardío,4,oriente
1251,1251,2026-02-14,entregado,1,centro
1252,1252,2026-01-25,tardío,8,centro
1253,1253,2025-10-30,entregado,1,oriente
1254,1254,2025-12-14,tardío,1,centro
1255,1255,2025-12-02,tardío,2,sur
1256,1256,2025-12-25,tardío,8,norte
1257,1257,2025-01-12,entregado,1,sur
1258,1258,2025-10-16,entregado,3,sur
1259,1259,2025-01-15,entregado,3,occidente
1260,1260,2026-01-23,tardío,7,norte
1261,1261,2026-03-17,entregado,4,sur
1262,1262,2026-09-04,entregado,1,norte
1263,1263,2026-01-27,entregado,1,sur
1264,1264,2025-10-20,entregado,3,oriente
1265,1265,2025-11-01,tardío,3,oriente
1266,1266,2026-05-03,entregado,1,centro
1267,1267,2026-02-04,entregado,1,oriente
1268,1268,2026-02-18,tardío,3,norte
1269,1269,2025-05-12,entregado,2,occidente
1270,1270,2026-11-05,entregado,2,centro
1271,1271,2026-09-04,entregado,2,sur
1272,1272,2026-02-26,entregado,1,oriente
1273,1273,2025-01-15,entregado,3,centro
1274,1274,2025-06-12,tardío,1,oriente
1275,1275,2025-12-16,entregado,2,centro
1276,1276,2026-01-20,entregado,2,norte
1277,1277,2025-01-12,entregado,2,norte
1278,1278,2026-07-04,entregado,1,sur
1279,1279,2026-01-05,entregado,6,centro
1280,1280,2025-01-13,entregado,1,occidente
1281,1281,2026-03-02,entregado,6,norte
1282,1282,2026-01-16,entregado,1,sur
1283,1283,2025-11-19,entregado,2,centro
1284,1284,2026-03-23,entregado,3,sur
1285,1285,2026-03-28,cancelado,7,norte
1286,1286,2025-10-23,tardío,1,sur
1287,1287,2026-12-03,entregado,1,centro
1288,1288,2026-01-04,entregado,3,oriente
1289,1289,2025-10-21,entregado,3,occidente
1290,1290,2026-12-09,tardío,7,norte
1291,9534,2026-02-19,tardío,2,centro
1292,1292,2026-07-03,entregado,1,centro
1293,1293,2026-07-06,entregado,4,sur
1294,1294,2026-02-23,entregado,4,norte
1295,1295,2025-06-15,tardío,5,oriente
1296,1296,2026-08-04,entregado,3,oriente
1297,1297,2026-02-01,entregado,3,occidente
1298,1298,2025-12-17,entregado,7,occidente
1299,1299,2026-12-06,tardío,3,sur
1300,1300,2026-08-04,entregado,3,norte
1301,1301,2026-04-04,entregado,3,oriente
1302,1302,2025-04-17,tardío,5,norte
1303,1303,2025-05-13,entregado,3,sur
1304,1304,2026-01-06,cancelado,6,norte
1305,1305,2025-10-21,entregado,3,norte
1306,1306,2025-12-30,entregado,2,norte
1307,1307,2025-01-18,cancelado,6,sur
1308,1308,2026-03-24,tardío,6,sur
1309,1309,2026-10-08,cancelado,5,sur
1310,1310,2025-10-29,entregado,2,oriente
1311,1311,2026-03-03,tardío,5,centro
1312,1312,2026-01-02,tardío,8,norte
1313,1313,2025-04-15,entregado,4,occidente
1314,1314,2025-12-13,entregado,3,occidente
1315,1315,2026-01-02,entregado,3,centro
1316,1316,2026-02-18,entregado,1,norte
1317,1317,2025-12-30,tardío,4,norte
1318,1318,2026-03-16,entregado,2,norte
1319,1319,2025-11-15,entregado,1,sur
1320,1320,2026-04-01,tardío,7,oriente
1321,1321,2026-01-30,entregado,3,sur
1322,1322,2026-03-29,entregado,1,norte
1323,1323,2026-02-03,entregado,3,centro
1324,1324,2026-11-09,entregado,6,norte
1325,1325,2025-11-21,cancelado,5,norte
1326,1326,2025-04-19,tardío,8,oriente
1327,1327,2025-10-18,entregado,1,norte
1328,1328,2026-01-31,tardío,5,sur
1329,1329,2025-10-11,entregado,1,occidente
1330,1330,2025-12-19,entregado,4,oriente
1331,1331,2025-11-23,entregado,2,oriente
1332,1332,2025-12-14,entregado,4,oriente
1333,1333,2025-11-23,entregado,2,norte
1334,1334,2025-11-13,entregado,3,oriente
1335,1335,2025-12-24,entregado,4,oriente
1336,1336,2025-12-24,tardío,5,sur
1337,1337,2026-09-03,entregado,1,centro
1338,1338,2026-10-05,entregado,4,sur
1339,1339,2026-02-18,entregado,1,sur
1340,1340,2026-02-04,tardío,5,centro
1341,1341,2025-04-16,entregado,4,centro
1342,1342,2025-10-13,entregado,3,oriente
1343,1343,2026-03-17,entregado,2,sur
1344,1344,2025-11-21,entregado,3,norte
1345,1345,2025-12-16,entregado,3,occidente
1346,1346,2026-01-02,entregado,2,occidente
1347,1347,2025-10-15,entregado,2,occidente
1348,1348,2026-03-19,entregado,2,sur
1349,1349,2025-12-27,tardío,3,centro
1350,1350,2025-09-13,entregado,1,oriente
1351,1351,2025-01-14,tardío,3,oriente
1352,1352,2026-03-09,tardío,8,occidente
1353,1353,2026-01-23,entregado,3,oriente
1354,1354,2026-11-04,entregado,3,norte
1355,1355,2026-01-27,entregado,6,norte
1356,1356,2026-07-04,entregado,3,centro
1357,1357,2025-12-30,entregado,4,oriente
1358,1358,2025-11-20,entregado,3,sur
1359,1359,2026-05-03,entregado,1,oriente
1360,1360,2026-04-01,tardío,5,sur
1361,1361,2026-05-05,entregado,3,occidente
1362,1362,2026-03-02,tardío,1,sur
1363,1363,2026-10-07,tardío,5,occidente
1364,1364,2025-08-16,entregado,4,norte
1365,1365,2025-10-30,tardío,8,oriente
1366,1366,2026-01-19,entregado,2,centro
1367,1367,2025-10-26,tardío,5,oriente
1368,1368,2026-01-23,entregado,4,occidente
1369,1369,2026-04-09,tardío,6,oriente
1370,1370,2025-11-22,tardío,6,centro
1371,1371,2026-02-20,tardío,3,occidente
1372,1372,2025-12-23,entregado,8,occidente
1373,1373,2025-12-23,entregado,1,centro
1374,1374,2025-10-30,entregado,3,oriente
1375,1375,2025-10-24,entregado,3,centro
1376,1376,2025-12-27,entregado,4,sur
1377,1377,2026-03-20,entregado,1,norte
1378,1378,2025-12-18,entregado,3,centro
1379,1379,2025-12-19,entregado,1,occidente
1380,1380,2026-01-25,entregado,2,sur
1381,1381,2026-04-08,entregado,5,norte
1382,1382,2026-01-19,entregado,1,centro
1383,1383,2025-12-18,tardío,7,norte
1384,1384,2026-03-31,entregado,5,oriente
1385,1385,2026-01-27,tardío,5,occidente
1386,1386,2025-12-31,tardío,2,centro
1387,1387,2026-01-25,entregado,2,occidente
1388,1388,2025-11-13,entregado,3,sur
1389,1389,2026-01-04,tardío,5,sur
1390,1390,2026-07-09,entregado,6,norte
1391,1391,2026-01-21,entregado,1,sur
1392,1392,2025-10-17,tardío,5,sur
1393,1393,2026-03-21,entregado,8,centro
1394,1394,2025-10-16,entregado,1,occidente
1395,1395,2025-10-21,entregado,1,norte
1396,1396,2026-03-25,entregado,4,sur
1397,1397,2026-03-16,entregado,3,occidente
1398,1398,2026-12-03,entregado,2,oriente
1399,1399,2026-02-03,entregado,2,centro
1400,1400,2026-09-05,tardío,3,sur
1401,1401,2026-03-25,entregado,2,sur
1402,1402,2025-10-16,entregado,5,sur
1403,1403,2025-08-17,tardío,7,occidente
1404,1404,2025-06-12,entregado,1,centro
1405,1405,2026-05-06,entregado,3,centro
1406,1406,2026-03-26,entregado,3,occidente
1407,1407,2026-01-24,entregado,3,norte
1408,1408,2025-09-13,entregado,3,centro
1409,1409,2025-02-14,entregado,3,occidente
1410,1410,2025-10-20,entregado,2,occidente
1411,1411,2025-12-01,entregado,1,sur
1412,1412,2026-03-20,tardío,5,occidente
1413,1413,2026-02-02,tardío,1,sur
1414,1414,2026-01-03,entregado,2,oriente
1415,1415,2026-07-03,entregado,2,occidente
1416,1416,2026-02-25,entregado,2,centro
1417,1417,2025-09-13,entregado,3,sur
1418,1418,2026-04-05,entregado,2,oriente
1419,1419,2025-09-14,entregado,3,norte
1420,1420,2026-03-24,entregado,1,norte
1421,1421,2026-01-29,tardío,5,norte
1422,1422,2026-03-04,entregado,3,sur
1423,1423,2026-04-03,entregado,2,occidente
1424,1424,2026-01-27,tardío,5,sur
1425,1425,2025-10-25,entregado,5,norte
1426,1426,2026-03-01,tardío,5,occidente
1427,1427,2025-05-13,tardío,2,oriente
1428,1428,2026-02-17,entregado,4,norte
1429,1429,2026-02-02,entregado,1,centro
1430,1430,2026-10-05,entregado,4,occidente
1431,1431,2025-12-23,entregado,3,sur
1432,1432,2026-03-17,entregado,1,sur
1433,1433,2025-11-14,entregado,2,centro
1434,1434,2025-03-16,entregado,4,sur
1435,1435,2025-11-01,entregado,2,centro
1436,1436,2025-07-13,entregado,3,norte
1437,1437,2025-11-21,tardío,4,norte
1438,1438,2026-05-03,entregado,1,sur
1439,1439,2026-10-05,entregado,3,occidente
1440,1440,2026-08-06,cancelado,5,sur
1441,1441,2026-02-28,tardío,7,norte
1442,1442,2025-11-02,tardío,2,occidente
1443,1443,2025-07-15,entregado,3,centro
1444,1444,2025-06-16,entregado,4,norte
1445,1445,2026-04-01,entregado,2,centro
1446,1446,2026-01-24,entregado,1,oriente
1447,1447,2025-11-26,entregado,2,occidente
1448,1448,2026-06-04,entregado,1,norte
1449,1449,2025-12-17,entregado,4,centro
1450,1450,2026-03-29,entregado,2,centro
1451,1451,2026-03-04,entregado,2,centro
1452,1452,2025-11-24,entregado,3,sur
1453,1453,2025-01-15,entregado,4,sur
1454,1454,2025-04-12,entregado,1,oriente
1455,1455,2025-10-23,entregado,4,oriente
1456,1456,2026-01-26,entregado,2,centro
1457,1457,2025-11-17,entregado,3,sur
1458,1458,2026-01-24,entregado,2,occidente
1459,1459,2025-10-26,entregado,3,occidente
1460,1460,2026-03-28,entregado,4,centro
1461,1461,2025-12-22,tardío,1,sur
1462,1462,2026-03-22,tardío,2,occidente
1463,1463,2025-12-30,entregado,2,sur
1464,1464,2026-04-02,entregado,2,oriente
1465,1465,2025-10-22,entregado,5,centro
1466,1466,2026-02-26,tardío,8,centro
1467,1467,2026-02-19,entregado,3,sur
1468,1468,2025-12-22,tardío,8,sur
1469,1469,2025-12-20,entregado,4,norte
1470,1470,2025-10-14,tardío,3,occidente
1471,1471,2026-04-01,entregado,1,oriente
1472,1472,2026-03-30,entregado,1,occidente
1473,1473,2026-03-14,entregado,1,norte
1474,1474,2025-11-16,entregado,2,sur
1475,1475,2026-01-04,entregado,3,occidente
1476,1476,2026-08-09,cancelado,7,centro
1477,1477,2025-11-29,entregado,2,occidente
1478,1478,2025-01-14,entregado,3,sur
1479,1479,2025-11-23,entregado,2,occidente
1480,1480,2025-05-14,entregado,3,norte
1481,1481,2025-12-05,tardío,5,oriente
1482,1482,2026-04-06,entregado,4,sur
1483,1483,2025-07-13,entregado,3,centro
1484,1484,2026-01-04,entregado,3,norte
1485,1485,2026-02-24,tardío,5,sur
1486,1486,2026-02-28,tardío,4,centro
1487,1487,2026-03-05,entregado,4,centro
1488,1488,2026-02-01,entregado,4,sur
1489,1489,2026-02-25,tardío,6,norte
1490,1490,2025-03-13,entregado,2,centro
1491,1491,2026-06-05,tardío,2,oriente
1492,1492,2025-10-24,entregado,1,norte
1493,1493,2025-10-24,tardío,7,centro
1494,1494,2025-12-22,entregado,3,sur
1495,1495,2026-10-04,entregado,3,sur
1496,1496,2026-02-01,entregado,1,norte
1497,1497,2026-12-09,tardío,7,centro
1498,1498,2026-01-16,entregado,2,centro
1499,1499,2026-01-18,tardío,5,norte
1500,1500,2026-03-03,tardío,6,norte
1501,1501,2025-10-26,tardío,7,norte
1502,1502,2025-02-15,entregado,4,oriente
1503,1503,2025-12-26,tardío,5,oriente
1504,1504,2026-03-15,entregado,1,oriente
1505,1505,2025-10-24,entregado,5,sur
1506,1506,2026-01-27,entregado,3,oriente
1507,1507,2026-01-29,entregado,1,oriente
1508,1508,2026-03-29,entregado,5,oriente
1509,1509,2026-10-05,tardío,3,centro
1510,1510,2026-01-03,tardío,6,occidente
1511,1511,2025-02-13,entregado,2,oriente
1512,1512,2026-02-22,entregado,3,norte
1513,1513,2026-03-15,entregado,2,oriente
1514,1514,2026-03-03,entregado,3,occidente
1515,1515,2025-11-18,entregado,2,sur
1516,1516,2025-03-14,entregado,3,sur
1517,1517,2026-01-21,entregado,2,oriente
1518,1518,2026-06-06,entregado,4,norte
1519,1519,2025-10-22,tardío,7,norte
1520,1520,2025-01-18,tardío,7,centro
1521,1521,2026-10-03,entregado,1,norte
1522,1522,2025-09-13,entregado,2,centro
1523,1523,2025-12-22,entregado,5,centro
1524,1524,2025-12-14,entregado,3,norte
1525,1525,2025-11-12,entregado,1,norte
1526,1526,2025-12-26,entregado,4,centro
1527,1527,2026-04-04,entregado,4,sur
1528,1528,2025-11-29,entregado,2,oriente
1529,1529,2025-12-30,entregado,2,sur
1530,1530,2026-10-07,tardío,5,norte
1531,1531,2025-12-13,entregado,1,occidente
1532,1532,2025-10-23,entregado,2,norte
1533,1533,2025-04-15,entregado,3,centro
1534,1534,2025-11-25,entregado,5,occidente
1535,1535,2026-12-04,entregado,1,occidente
1536,1536,2026-02-25,tardío,6,oriente
1537,1537,2025-10-15,entregado,3,norte
1538,1538,2025-02-15,entregado,4,oriente
1539,1539,2026-10-07,entregado,4,sur
1540,1540,2025-12-22,tardío,5,occidente
1541,1541,2026-07-06,entregado,3,oriente
1542,1542,2026-02-18,entregado,4,sur
1543,1543,2025-10-26,entregado,2,norte
1544,1544,2026-06-09,tardío,7,norte
1545,1545,2026-03-15,entregado,1,centro
1546,1546,2025-11-21,entregado,8,sur
1547,1547,2026-01-07,entregado,4,sur
1548,1548,2026-03-04,tardío,6,oriente
1549,1549,2025-09-17,tardío,6,occidente
1550,1550,2025-11-14,entregado,1,occidente
1551,1551,2026-03-20,entregado,2,centro
1552,1552,2026-09-10,entregado,7,centro
1553,1553,2026-04-09,tardío,6,centro
1554,1554,2025-12-31,entregado,5,sur
1555,1555,2026-02-26,entregado,4,norte
1556,1556,2025-11-14,entregado,4,norte
1557,1557,2025-08-12,entregado,2,oriente
1558,1558,2025-10-28,tardío,7,occidente
1559,1559,2025-12-14,entregado,4,occidente
1560,1560,2026-03-18,entregado,4,oriente
1561,1561,2026-03-03,tardío,6,sur
1562,1562,2025-07-13,entregado,1,norte
1563,1563,2026-03-20,entregado,4,centro
1564,1564,2025-11-24,entregado,1,norte
1565,1565,2026-03-03,tardío,7,oriente
1566,1566,2026-01-20,entregado,5,norte
1567,1567,2026-08-07,entregado,4,centro
1568,1568,2026-03-17,entregado,4,occidente
1569,1569,2025-08-13,entregado,3,oriente
1570,1570,2026-05-05,entregado,3,sur
1571,1571,2026-10-09,cancelado,6,norte
1572,1572,2026-02-25,tardío,8,norte
1573,1573,2025-12-18,entregado,4,sur
1574,1574,2026-03-18,entregado,4,sur
1575,1575,2025-12-23,entregado,6,centro
1576,1576,2026-01-09,cancelado,7,norte
1577,1577,2025-02-18,tardío,6,oriente
1578,1578,2026-03-30,tardío,5,norte
1579,1579,2026-12-03,entregado,2,centro
1580,1580,2025-12-20,entregado,4,oriente
1581,1581,2026-01-28,entregado,3,oriente
1582,1582,2025-10-25,entregado,6,oriente
1583,1583,2026-03-29,entregado,3,centro
1584,1584,2025-10-18,entregado,2,norte
1585,1585,2025-10-12,tardío,1,occidente
1586,1586,2026-01-24,entregado,3,oriente
1587,1587,2026-01-17,entregado,2,sur
1588,1588,2026-01-05,entregado,3,centro
1589,1589,2026-02-03,tardío,7,oriente
1590,1590,2025-11-23,entregado,1,centro
1591,1591,2025-12-30,entregado,3,sur
1592,1592,2026-05-04,entregado,1,oriente
1593,1593,2025-06-15,entregado,4,norte
1594,1594,2025-12-22,entregado,2,centro
1595,1595,2025-12-22,entregado,1,oriente
1596,1596,2025-12-29,entregado,1,oriente
1597,1597,2026-11-04,entregado,3,centro
1598,1598,2025-03-12,entregado,1,sur
1599,1599,2026-03-07,entregado,6,centro
1600,1600,2026-09-07,cancelado,5,occidente
1601,1601,2026-03-01,entregado,8,norte
1602,1602,2025-10-31,entregado,3,sur
1603,1603,2025-12-23,entregado,2,norte
1604,1604,2025-01-20,tardío,8,norte
1605,1605,2026-02-01,entregado,4,centro
1606,1606,2025-01-14,entregado,3,occidente
1607,1607,2025-08-15,entregado,3,oriente
1608,1608,2026-01-28,entregado,4,occidente
1609,1609,2025-03-18,tardío,6,sur
1610,1610,2025-06-17,tardío,6,occidente
1611,1611,2025-10-27,entregado,2,norte
1612,1612,2025-10-15,entregado,2,oriente
1613,1613,2025-12-16,entregado,2,occidente
1614,1614,2026-07-03,entregado,2,oriente
1615,1615,2026-07-07,entregado,4,occidente
1616,1616,2026-01-22,tardío,6,oriente
1617,1617,2025-03-13,entregado,1,occidente
1618,1618,2025-10-14,entregado,3,sur
1619,1619,2025-12-24,entregado,1,oriente
1620,1620,2026-03-02,entregado,5,centro
1621,1621,2025-12-24,entregado,4,norte
1622,1622,2025-11-23,entregado,5,oriente
1623,1623,2025-10-14,tardío,3,norte
1624,1624,2026-05-05,entregado,3,occidente
1625,1625,2026-09-04,entregado,2,occidente
1626,1626,2026-02-04,tardío,7,occidente
1627,1627,2026-05-03,entregado,1,occidente
1628,1628,2025-12-24,tardío,6,occidente
1629,1629,2026-05-04,entregado,2,sur
1630,1630,2025-06-12,entregado,2,norte
1631,1631,2025-10-25,entregado,1,oriente
1632,1632,2026-09-03,entregado,2,sur
1633,1633,2026-07-03,entregado,1,sur
1634,1634,2026-01-30,entregado,4,sur
1635,1635,2025-01-18,tardío,6,sur
1636,1636,2025-11-29,entregado,4,sur
1637,1637,2026-03-01,entregado,2,norte
1638,1638,2026-01-02,entregado,3,oriente
1639,1639,2025-10-17,entregado,4,norte
1640,1640,2025-10-16,entregado,3,oriente
1641,1641,2025-12-16,tardío,4,sur
1642,1642,2026-04-07,tardío,5,sur
1643,1643,2026-02-05,entregado,2,occidente
1644,1644,2026-03-21,entregado,4,centro
1645,1645,2026-03-27,tardío,5,centro
1646,1646,2026-01-31,entregado,2,norte
1647,1647,2025-12-16,entregado,3,norte
1648,1648,2026-02-17,entregado,2,oriente
1649,1649,2025-03-11,entregado,1,occidente
1650,1650,2025-11-01,entregado,4,oriente
1651,1651,2026-01-23,entregado,4,occidente
1652,1652,2025-04-16,tardío,5,centro
1653,1653,2025-07-15,entregado,3,centro
1654,1654,2026-02-06,entregado,5,occidente
1655,1655,2026-12-03,entregado,2,oriente
1656,1656,2026-02-04,entregado,3,norte
1657,1657,2025-12-12,entregado,2,occidente
1658,1658,2026-11-05,entregado,4,occidente
1659,1659,2025-10-15,entregado,1,occidente
1660,1660,2026-02-25,entregado,2,oriente
1661,1661,2026-02-23,entregado,2,norte
1662,1662,2025-11-20,entregado,1,oriente
1663,1663,2026-01-05,entregado,4,sur
1664,1664,2026-02-22,entregado,3,sur
1665,1665,2025-12-15,entregado,2,occidente
1666,1666,2025-10-20,entregado,1,occidente
1667,1667,2026-07-04,entregado,3,occidente
1668,1668,2026-07-03,entregado,1,norte
1669,1669,2026-01-26,entregado,2,norte
1670,1670,2026-02-20,entregado,2,occidente
1671,1671,2025-11-14,entregado,2,norte
1672,1672,2026-09-10,tardío,7,centro
1673,1673,2026-03-29,entregado,5,occidente
1674,1674,2026-03-09,entregado,3,centro
1675,1675,2025-11-04,entregado,4,oriente
1676,1676,2025-02-14,entregado,3,centro
1677,1677,2025-10-30,entregado,5,oriente
1678,1678,2026-09-05,entregado,4,oriente
1679,1679,2026-04-03,entregado,2,occidente
1680,1680,2025-12-30,tardío,4,occidente
1681,1681,2026-02-22,entregado,2,oriente
1682,1682,2026-02-04,entregado,3,norte
1683,1683,2025-06-14,entregado,3,sur
1684,1684,2025-11-28,entregado,8,centro
1685,1685,2026-04-04,tardío,1,oriente
1686,1686,2026-08-05,entregado,3,sur
1687,1687,2026-11-04,entregado,3,occidente
1688,1688,2026-06-06,entregado,4,occidente
1689,1689,2025-11-17,tardío,7,oriente
1690,1690,2025-12-14,entregado,4,norte
1691,1691,2025-10-12,entregado,2,oriente
1692,1692,2025-05-17,tardío,6,centro
1693,1693,2025-12-29,entregado,4,sur
1694,1694,2026-02-03,entregado,4,norte
1695,1695,2026-10-04,entregado,2,oriente
1696,1696,2026-01-30,tardío,5,centro
1697,1697,2025-08-13,tardío,2,centro
1698,1698,2026-05-08,tardío,5,norte
1699,1699,2026-09-10,entregado,8,centro
1700,1700,2025-05-12,entregado,1,centro
1701,1701,2025-12-27,entregado,4,centro
1702,1702,2026-06-05,entregado,2,centro
1703,1703,2025-12-23,entregado,2,oriente
1704,1704,2025-11-12,entregado,1,norte
1705,1705,2026-09-05,entregado,4,sur
1706,1706,2026-07-06,entregado,3,sur
1707,1707,2025-12-19,entregado,3,centro
1708,1708,2026-01-10,entregado,7,oriente
1709,9562,2025-12-28,entregado,2,centro
1710,1710,2026-07-05,entregado,3,centro
1711,1711,2026-08-05,entregado,3,oriente
1712,1712,2026-02-19,tardío,5,occidente
1713,1713,2026-03-07,entregado,5,norte
1714,1714,2026-04-05,cancelado,5,sur
1715,1715,2026-02-24,entregado,2,oriente
1716,1716,2025-12-22,entregado,6,sur
1717,1717,2026-02-06,tardío,7,oriente
1718,1718,2025-05-14,entregado,4,oriente
1719,1719,2026-03-04,entregado,3,occidente
1720,1720,2025-12-25,entregado,1,centro
1721,1721,2026-03-26,entregado,4,norte
1722,1722,2025-10-30,entregado,1,occidente
1723,1723,2026-01-16,entregado,9,sur
1724,1724,2026-03-01,entregado,2,norte
1725,1725,2025-12-23,tardío,5,centro
1726,1726,2026-03-30,entregado,4,occidente
1727,1727,2026-11-10,tardío,7,oriente
1728,1728,2025-07-18,entregado,8,sur
1729,1729,2026-02-06,entregado,3,occidente
1730,1730,2026-02-03,entregado,4,occidente
1731,1731,2025-07-14,tardío,2,norte
1732,1732,2026-03-20,entregado,3,sur
1733,1733,2026-03-03,tardío,5,sur
1734,1734,2026-02-26,entregado,1,sur
1735,1735,2025-12-02,entregado,4,norte
1736,1736,2025-10-21,tardío,7,sur
1737,1737,2026-03-02,entregado,3,norte
1738,1738,2026-02-03,entregado,3,oriente
1739,1739,2025-11-15,entregado,2,norte
1740,1740,2026-12-03,entregado,1,centro
1741,1741,2026-11-06,tardío,3,sur
1742,1742,2026-08-06,entregado,3,centro
1743,1743,2026-06-02,entregado,1,centro
1744,1744,2025-07-16,tardío,5,oriente
1745,1745,2026-03-27,entregado,3,occidente
1746,1746,2025-02-19,cancelado,7,oriente
1747,1747,2025-09-18,cancelado,8,norte
1748,1748,2026-03-02,tardío,6,norte
1749,1749,2026-04-03,entregado,5,sur
1750,1750,2025-11-05,tardío,7,centro
1751,1751,2025-11-19,entregado,1,oriente
1752,1752,2025-05-14,entregado,4,occidente
1753,1753,2026-01-23,entregado,2,oriente
1754,1754,2025-12-22,entregado,2,sur
1755,1755,2026-01-17,tardío,1,oriente
1756,1756,2025-08-15,entregado,4,occidente
1757,1757,2026-01-19,entregado,5,occidente
1758,1758,2026-03-27,entregado,1,centro
1759,1759,2025-11-25,entregado,3,centro
1760,1760,2026-01-19,tardío,5,sur
1761,1761,2026-06-03,tardío,1,centro
1762,1762,2026-06-05,entregado,2,norte
1763,1763,2026-01-30,entregado,1,centro
1764,1764,2025-10-19,entregado,3,norte
1765,1765,2026-04-02,entregado,3,oriente
1766,1766,2025-05-14,entregado,3,norte
1767,1767,2026-10-03,entregado,1,sur
1768,1768,2025-11-25,entregado,2,occidente
1769,1769,2026-02-25,entregado,4,sur
1770,1770,2025-12-26,entregado,3,sur
1771,1771,2026-03-24,tardío,5,sur
1772,1772,2026-02-01,entregado,1,sur
1773,1773,2026-12-07,tardío,5,centro
1774,1774,2026-05-02,entregado,1,oriente
1775,1775,2025-12-22,entregado,2,occidente
1776,1776,2025-11-19,tardío,5,norte
1777,1777,2026-01-29,tardío,3,norte
1778,1778,2026-02-17,entregado,3,oriente
1779,1779,2025-12-29,entregado,2,sur
1780,1780,2026-02-20,entregado,3,sur
1781,1781,2026-01-07,cancelado,8,occidente
1782,1782,2026-03-27,entregado,4,norte
1783,1783,2026-03-27,entregado,3,sur
1784,1784,2026-03-16,entregado,2,centro
1785,1785,2026-03-30,entregado,3,occidente
1786,1786,2025-07-13,entregado,1,centro
1787,1787,2026-06-07,entregado,4,centro
1788,1788,2026-01-08,cancelado,6,oriente
1789,1789,2025-11-20,entregado,1,oriente
1790,1790,2025-03-13,entregado,1,centro
1791,1791,2025-11-14,entregado,2,oriente
1792,1792,2026-02-23,entregado,3,centro
1793,1793,2025-12-21,tardío,5,sur
1794,1794,2025-11-30,entregado,3,oriente
1795,1795,2025-12-19,entregado,3,centro
1796,1796,2025-12-16,tardío,3,occidente
1797,1797,2026-04-05,entregado,6,occidente
1798,1798,2025-11-25,entregado,2,oriente
1799,1799,2026-03-28,entregado,2,occidente
1800,1800,2026-04-01,entregado,2,norte
